{
  "surprisal_p5": 1.891807847367399e-06,
  "surprisal_p95": 1.0919506990142869,
  "gap_p5": 0.375,
  "gap_p95": 14.437499761582103,
  "num_tokens": 2071896,
  "num_responses": 8792
}